month_number,years,year_number,month_in_year,monthly_rent,cumulative_rent,cumulative_buying_costs,monthly_payment,monthly_interest,cumulative_principal_remaining,cumulative_equity,cumulative_payment,cumulative_interest,house_value,cumulative_appreciation,cumulative_depreceation,house_value_yearly,monthly_utilities,cumulative_utilities,monthly_property_tax,cumulative_property_tax,monthly_maintenance,cumulative_maintenance,cumulative_selling_costs
1,0.08333333333333333,1,1,1502.4773719528803,1502.4773719528803,8000,1110.721078865162,791.6666666666666,189680.94558780149,10319.054412198515,1110.721078865162,791.6666666666666,2e5,0,-0,2e5,510,510,833.3333333333334,833.3333333333334,510,510,1e4
2,0.16666666666666666,1,2,1504.9588354869559,3007.436207439836,8000,1110.721078865162,790.3372732825062,189360.5617822188,10639.438217781193,2221.442157730324,1582.003939949173,2e5,0,-0,2e5,510,1020,833.3333333333334,1666.6666666666667,510,1020,1e4
3,0.25,1,3,1507.4443973598056,4514.880604799642,8000,1110.721078865162,789.002340759245,189038.84304411287,10961.156955887127,3332.1632365954865,2371.0062807084178,2e5,0,-0,2e5,510,1530,833.3333333333334,2500,510,1530,1e4
4,0.3333333333333333,1,4,1509.9340643401695,6024.8146691398115,8000,1110.721078865162,787.661846017137,188715.78381126485,11284.216188735154,4442.884315460648,3158.668126725555,2e5,0,-0,2e5,510,2040,833.3333333333334,3333.3333333333335,510,2040,1e4
5,0.4166666666666667,1,5,1512.427843207966,7537.242512347777,8000,1110.721078865162,786.3157658802702,188391.37849827996,11608.621501720045,5553.60539432581,3944.983892605825,2e5,0,-0,2e5,510,2550,833.3333333333334,4166.666666666667,510,2550,1e4
6,0.5,1,6,1514.9257407543118,9052.168253102089,8000,1110.721078865162,784.9640770761665,188065.62149649096,11934.37850350904,6664.326473190973,4729.947969681992,2e5,0,-0,2e5,510,3060,833.3333333333334,5e3,510,3060,1e4
7,0.5833333333333334,1,7,1517.4277637815392,10569.596016883628,8000,1110.721078865162,783.606756235379,187738.50717386117,12261.492826138827,7775.047552056135,5513.554725917371,2e5,0,-0,2e5,510,3570,833.3333333333334,5833.333333333334,510,3570,1e4
8,0.6666666666666666,1,8,1519.9339191032152,12089.529935986844,8000,1110.721078865162,782.2437798910883,187410.02987488708,12589.970125112915,8885.768630921297,6295.798505808459,2e5,0,-0,2e5,510,4080,833.3333333333334,6666.666666666667,510,4080,1e4
9,0.75,1,9,1522.4442135441604,13611.974149531005,8000,1110.721078865162,780.8751244786962,187080.1839205006,12919.816079499404,9996.48970978646,7076.673630287155,2e5,0,-0,2e5,510,4590,833.3333333333334,7500,510,4590,1e4
10,0.8333333333333334,1,10,1524.9586539404665,15136.93280347147,8000,1110.721078865162,779.5007663354191,186748.96360797086,13251.036392029142,11107.21078865162,7856.174396622574,2e5,0,-0,2e5,510,5100,833.3333333333334,8333.333333333334,510,5100,1e4
11,0.9166666666666666,1,11,1527.4772471395158,16664.410050610986,8000,1110.721078865162,778.1206816998786,186416.36321080558,13583.636789194425,12217.931867516783,8634.295078322453,2e5,0,-0,2e5,510,5610,833.3333333333334,9166.666666666668,510,5610,1e4
12,1,1,12,1530,18194.410050610986,8000,1110.721078865162,776.7348467116899,186082.3769786521,13917.623021347914,13328.652946381946,9411.029925034143,2e5,0,-0,2e5,510,6120,833.3333333333334,1e4,510,6120,1e4
13,1.0833333333333333,2,1,1532.526919391938,19726.936970002924,8000,1110.721078865162,775.3432374110504,185746.99913719797,14253.00086280203,14439.374025247107,10186.373162445194,2e5,0,-0,2e5,510,6630,833.3333333333334,10833.333333333334,510,6630,1e4
14,1.1666666666666667,2,2,1535.058012196695,21261.99498219962,8000,1110.721078865162,773.9458297383248,185410.22388807114,14589.776111928863,15550.09510411227,10960.318992183518,2e5,0,-0,2e5,510,7140,833.3333333333334,11666.666666666668,510,7140,1e4
15,1.25,2,3,1537.593285307002,22799.58826750662,8000,1110.721078865162,772.5425995336298,185072.0454087396,14927.954591260408,16660.816182977433,11732.861591717148,2e5,0,-0,2e5,510,7650,833.3333333333334,12500,510,7650,1e4
16,1.3333333333333333,2,4,1540.1327456269728,24339.721013133592,8000,1110.721078865162,771.133522536415,184732.45785241082,15267.542147589178,17771.537261842594,12503.995114253563,2e5,0,-0,2e5,510,8160,833.3333333333334,13333.333333333334,510,8160,1e4
17,1.4166666666666667,2,5,1542.6764000721253,25882.39741320572,8000,1110.721078865162,769.718574385045,184391.4553479307,15608.544652069308,18882.258340707755,13273.713688638607,2e5,0,-0,2e5,510,8670,833.3333333333334,14166.666666666668,510,8670,1e4
18,1.5,2,6,1545.224255569398,27427.62166877512,8000,1110.721078865162,768.2977306163779,184049.0319996819,15950.968000318098,19992.97941957292,14042.011419254985,2e5,0,-0,2e5,510,9180,833.3333333333334,15e3,510,9180,1e4
19,1.5833333333333333,2,7,1547.77631905717,28975.397987832286,8000,1110.721078865162,766.8709666653413,183705.18188748206,16294.81811251794,21103.70049843808,14808.882385920326,2e5,0,-0,2e5,510,9690,833.3333333333334,15833.333333333334,510,9690,1e4
20,1.6666666666666667,2,8,1550.3325974852796,30525.730585317568,8000,1110.721078865162,765.4382578645086,183359.8990664814,16640.10093351861,22214.42157730324,15574.320643784835,2e5,0,-0,2e5,510,10200,833.3333333333334,16666.666666666668,510,10200,1e4
21,1.75,2,9,1552.8930978150436,32078.62368313261,8000,1110.721078865162,763.9995794436725,183013.1775670599,16986.8224329401,23325.142656168406,16338.320223228508,2e5,0,-0,2e5,510,10710,833.3333333333334,17500,510,10710,1e4
22,1.8333333333333333,2,10,1555.457827019276,33634.08151015189,8000,1110.721078865162,762.5549065294163,182665.01139472413,17334.988605275867,24435.863735033567,17100.875129757926,2e5,0,-0,2e5,510,11220,833.3333333333334,18333.333333333336,510,11220,1e4
23,1.9166666666666667,2,11,1558.0267920823064,35192.10830223419,8000,1110.721078865162,761.1042141446839,182315.39453000366,17684.605469996342,25546.584813898728,17861.979343902607,2e5,0,-0,2e5,510,11730,833.3333333333334,19166.666666666668,510,11730,1e4
24,2,2,12,1560.6,36752.70830223419,8000,1110.721078865162,759.6474772083486,181964.32092834683,18035.67907165317,26657.305892763892,18621.626821110956,2e5,0,-0,2e5,510,12240,833.3333333333334,2e4,510,12240,1e4
25,2.0833333333333335,3,1,1563.1774577797767,38315.88576001397,8000,1110.721078865162,758.1846705347784,181611.78452001643,18388.21547998357,27768.026971629053,19379.811491645734,2e5,0,-0,2e5,510,12750,833.3333333333334,20833.333333333336,510,12750,1e4
26,2.1666666666666665,3,2,1565.7591724406288,39881.6449324546,8000,1110.721078865162,756.7157688334017,181257.77920998467,18742.22079001533,28878.748050494214,20136.527260479135,2e5,0,-0,2e5,510,13260,833.3333333333334,21666.666666666668,510,13260,1e4
27,2.25,3,3,1568.3451510131417,41449.99008346774,8000,1110.721078865162,755.2407467082694,180902.29887782776,19097.701122172235,29989.469129359375,20891.768007187406,2e5,0,-0,2e5,510,13770,833.3333333333334,22500,510,13770,1e4
28,2.3333333333333335,3,4,1570.9354005395123,43020.92548400725,8000,1110.721078865162,753.7595786576156,180545.33737762022,19454.66262237978,31100.19020822454,21645.527585845022,2e5,0,-0,2e5,510,14280,833.3333333333334,23333.333333333336,510,14280,1e4
29,2.4166666666666665,3,5,1573.529928073568,44594.45541208082,8000,1110.721078865162,752.2722390734176,180186.88853782846,19813.11146217154,32210.9112870897,22397.79982491844,2e5,0,-0,2e5,510,14790,833.3333333333334,24166.666666666668,510,14790,1e4
30,2.5,3,6,1576.128740680786,46170.58415276161,8000,1110.721078865162,750.7787022409519,179826.94616120425,20173.05383879575,33321.632365954865,23148.578527159392,2e5,0,-0,2e5,510,15300,833.3333333333334,25e3,510,15300,1e4
31,2.5833333333333335,3,7,1578.7318454383133,47749.31599819992,8000,1110.721078865162,749.278942338351,179465.50402467744,20534.495975322556,34432.35344482002,23897.857469497743,2e5,0,-0,2e5,510,15810,833.3333333333334,25833.333333333336,510,15810,1e4
32,2.6666666666666665,3,8,1581.339249434985,49330.6552476349,8000,1110.721078865162,747.772933436156,179102.55587924842,20897.444120751577,35543.07452368519,24645.630402933897,2e5,0,-0,2e5,510,16320,833.3333333333334,26666.666666666668,510,16320,1e4
33,2.75,3,9,1583.9509597713445,50914.60620740625,8000,1110.721078865162,746.2606494968684,178738.09544988011,21261.904550119885,36653.79560255035,25391.891052430765,2e5,0,-0,2e5,510,16830,833.3333333333334,27500,510,16830,1e4
34,2.8333333333333335,3,10,1586.5669835596614,52501.173190965914,8000,1110.721078865162,744.7420643745005,178372.11643538944,21627.883564610558,37764.51668141551,26136.633116805267,2e5,0,-0,2e5,510,17340,833.3333333333334,28333.333333333336,510,17340,1e4
35,2.9166666666666665,3,11,1589.1873279239524,54090.360518889865,8000,1110.721078865162,743.2171518141226,178004.61250833838,21995.38749166162,38875.237760280674,26879.85026861939,2e5,0,-0,2e5,510,17850,833.3333333333334,29166.666666666668,510,17850,1e4
36,3,3,12,1591.8120000000001,55682.17251888986,8000,1110.721078865162,741.68588545141,177635.57731492462,22364.422685075377,39985.95883914584,27621.5361540708,2e5,0,-0,2e5,510,18360,833.3333333333334,3e4,510,18360,1e4
37,3.0833333333333335,4,1,1594.4410069353723,57276.61352582523,8000,1110.721078865162,740.1482388121859,177265.00447487165,22734.995525128354,41096.679918010996,28361.684392882984,2e5,0,-0,2e5,510,18870,833.3333333333334,30833.333333333336,510,18870,1e4
38,3.1666666666666665,4,2,1597.0743558894417,58873.68788171468,8000,1110.721078865162,738.6041853119652,176892.88758131844,23107.112418681558,42207.40099687616,29100.28857819495,2e5,0,-0,2e5,510,19380,833.3333333333334,31666.666666666668,510,19380,1e4
39,3.25,4,3,1599.7120540334047,60473.39993574808,8000,1110.721078865162,737.0536982554935,176519.22020070878,23480.779799291224,43318.122075741325,29837.342276450443,2e5,0,-0,2e5,510,19890,833.3333333333334,32500,510,19890,1e4
40,3.3333333333333335,4,4,1602.3541085503027,62075.75404429839,8000,1110.721078865162,735.4967508362865,176143.9958726799,23856.004127320106,44428.84315460648,30572.839027286733,2e5,0,-0,2e5,510,20400,833.3333333333334,33333.333333333336,510,20400,1e4
41,3.4166666666666665,4,5,1605.0005266350393,63680.75457093342,8000,1110.721078865162,733.9333161361662,175767.20810995088,24232.79189004912,45539.56423347165,31306.772343422897,2e5,0,-0,2e5,510,20910,833.3333333333334,34166.66666666667,510,20910,1e4
42,3.5,4,6,1607.6513154944016,65288.40588642783,8000,1110.721078865162,732.3633671247953,175388.85039821052,24611.149601789482,46650.28531233681,32039.135710547693,2e5,0,-0,2e5,510,21420,833.3333333333334,35e3,510,21420,1e4
43,3.5833333333333335,4,7,1610.3064823470797,66898.71236877491,8000,1110.721078865162,730.7868766592105,175008.91619600455,24991.083803995454,47761.00639120197,32769.9225872069,2e5,0,-0,2e5,510,21930,833.3333333333334,35833.333333333336,510,21930,1e4
44,3.6666666666666665,4,8,1612.966034423685,68511.67840319859,8000,1110.721078865162,729.2038174833523,174627.39893462273,25372.60106537727,48871.72747006713,33499.12640469026,2e5,0,-0,2e5,510,22440,833.3333333333334,36666.66666666667,510,22440,1e4
45,3.75,4,9,1615.6299789667712,70127.30838216536,8000,1110.721078865162,727.6141622275948,174244.29201798516,25755.707982014836,49982.4485489323,34226.74056691785,2e5,0,-0,2e5,510,22950,833.3333333333334,37500,510,22950,1e4
46,3.8333333333333335,4,10,1618.2983232308547,71745.60670539622,8000,1110.721078865162,726.0178834082715,173859.58882252825,26140.411177471746,51093.169627797455,34952.758450326124,2e5,0,-0,2e5,510,23460,833.3333333333334,38333.333333333336,510,23460,1e4
47,3.9166666666666665,4,11,1620.9710744824315,73366.57777987864,8000,1110.721078865162,724.414953427201,173473.2826970903,26526.717302909703,52203.89070666262,35677.173403753324,2e5,0,-0,2e5,510,23970,833.3333333333334,39166.66666666667,510,23970,1e4
48,4,4,12,1623.64824,74990.22601987865,8000,1110.721078865162,722.8053445712096,173085.36696279634,26914.63303720366,53314.611785527784,36399.97874832453,2e5,0,-0,2e5,510,24480,833.3333333333334,4e4,510,24480,1e4
49,4.083333333333333,5,1,1626.3298270740797,76616.55584695273,8000,1110.721078865162,721.1890290116514,172695.8349129428,27304.16508705719,54425.33286439294,37121.16777733618,2e5,0,-0,2e5,510,24990,833.3333333333334,40833.333333333336,510,24990,1e4
50,4.166666666666667,5,2,1629.0158430072302,78245.57168995996,8000,1110.721078865162,719.5659788039284,172304.67981288157,27695.32018711843,55536.053943258106,37840.733756140115,2e5,0,-0,2e5,510,25500,833.3333333333334,41666.66666666667,510,25500,1e4
51,4.25,5,3,1631.7062951140729,79877.27798507403,8000,1110.721078865162,717.9361658870065,171911.89489990342,28088.10510009658,56646.775022123264,38558.66992202712,2e5,0,-0,2e5,510,26010,833.3333333333334,42500,510,26010,1e4
52,4.333333333333333,5,4,1634.4011907213087,81511.67917579533,8000,1110.721078865162,716.299562082931,171517.47338312116,28482.526616878837,57757.49610098843,39274.96948411005,2e5,0,-0,2e5,510,26520,833.3333333333334,43333.333333333336,510,26520,1e4
53,4.416666666666667,5,5,1637.1005371677402,83148.77971296308,8000,1110.721078865162,714.6561390963382,171121.40844335232,28878.591556647676,58868.21717985359,39989.62562320639,2e5,0,-0,2e5,510,27030,833.3333333333334,44166.66666666667,510,27030,1e4
54,4.5,5,6,1639.8043418042896,84788.58405476737,8000,1110.721078865162,713.005868513968,170723.69323300113,29276.306766998867,59978.93825871875,40702.631491720356,2e5,0,-0,2e5,510,27540,833.3333333333334,45e3,510,27540,1e4
55,4.583333333333333,5,7,1642.5126119940212,86431.09666676138,8000,1110.721078865162,711.3487218041714,170324.32087594015,29675.679124059854,61089.659337583915,41413.980213524526,2e5,0,-0,2e5,510,28050,833.3333333333334,45833.333333333336,510,28050,1e4
56,4.666666666666667,5,8,1645.2253551121585,88076.32202187355,8000,1110.721078865162,709.6846703164173,169923.28446739138,30076.71553260862,62200.38041644908,42123.664883840946,2e5,0,-0,2e5,510,28560,833.3333333333334,46666.66666666667,510,28560,1e4
57,4.75,5,9,1647.942578546107,89724.26460041966,8000,1110.721078865162,708.0136852807974,169520.577073807,30479.422926192987,63311.10149531424,42831.678569121745,2e5,0,-0,2e5,510,29070,833.3333333333334,47500,510,29070,1e4
58,4.833333333333333,5,10,1650.6642896954716,91374.92889011513,8000,1110.721078865162,706.3357378075292,169116.19173274937,30883.808267250628,64421.8225741794,43538.01430692927,2e5,0,-0,2e5,510,29580,833.3333333333334,48333.333333333336,510,29580,1e4
59,4.916666666666667,5,11,1653.39049597208,93028.31938608721,8000,1110.721078865162,704.6507988864557,168710.12145277066,31289.87854722934,65532.543653044566,44242.66510581573,2e5,0,-0,2e5,510,30090,833.3333333333334,49166.66666666667,510,30090,1e4
60,5,5,12,1656.1212048,94684.44059088721,8000,1110.721078865162,702.9588393865445,168302.35921329205,31697.640786707954,66643.26473190973,44945.62394520227,2e5,0,-0,2e5,510,30600,833.3333333333334,5e4,510,30600,1e4
61,5.083333333333333,6,1,1658.8564236155612,96343.29701450276,8000,1110.721078865162,701.2598300553835,167892.89796448225,32107.102035517746,67753.98581077489,45646.88377525765,2e5,0,-0,2e5,510,31110,833.3333333333334,50833.333333333336,510,31110,1e4
62,5.166666666666667,6,2,1661.596159867375,98004.89317437014,8000,1110.721078865162,699.553741518676,167481.73062713575,32518.269372864248,68864.70688964005,46346.43751677633,2e5,0,-0,2e5,510,31620,833.3333333333334,51666.66666666667,510,31620,1e4
63,5.25,6,3,1664.3404210163542,99669.2335953865,8000,1110.721078865162,697.8405442797323,167068.8500925503,32931.1499074497,69975.42796850522,47044.278061056066,2e5,0,-0,2e5,510,32130,833.3333333333334,52500,510,32130,1e4
64,5.333333333333333,6,4,1667.089214535735,101336.32280992223,8000,1110.721078865162,696.1202087189596,166654.2492224041,33345.75077759591,71086.14904737037,47740.398269775025,2e5,0,-0,2e5,510,32640,833.3333333333334,53333.333333333336,510,32640,1e4
65,5.416666666666667,6,5,1669.842547911095,103006.16535783332,8000,1110.721078865162,694.3927050933504,166237.92084863226,33762.07915136774,72196.87012623553,48434.790974868374,2e5,0,-0,2e5,510,33150,833.3333333333334,54166.66666666667,510,33150,1e4
66,5.5,6,6,1672.6004286403754,104678.7657864737,8000,1110.721078865162,692.6580035359677,165819.85777330305,34180.142226696946,73307.5912051007,49127.44897840434,2e5,0,-0,2e5,510,33660,833.3333333333334,55e3,510,33660,1e4
67,5.583333333333333,6,7,1675.3628642339017,106354.1286507076,8000,1110.721078865162,690.9160740554294,165400.0527684933,34599.947231506696,74418.31228396586,49818.36505245977,2e5,0,-0,2e5,510,34170,833.3333333333334,55833.333333333336,510,34170,1e4
68,5.666666666666667,6,8,1678.129862214402,108032.25851292201,8000,1110.721078865162,689.1668865353888,164978.49857616352,35021.50142383648,75529.03336283102,50507.53193899516,2e5,0,-0,2e5,510,34680,833.3333333333334,56666.66666666667,510,34680,1e4
69,5.75,6,9,1680.9014301170291,109713.15994303903,8000,1110.721078865162,687.4104107340147,164555.18790803236,35444.812091967644,76639.75444169619,51194.94234972917,2e5,0,-0,2e5,510,35190,833.3333333333334,57500,510,35190,1e4
70,5.833333333333333,6,10,1683.6775754893813,111396.83751852842,8000,1110.721078865162,685.6466162834681,164130.11344545064,35869.88655454936,77750.47552056135,51880.58896601264,2e5,0,-0,2e5,510,35700,833.3333333333334,58333.333333333336,510,35700,1e4
71,5.916666666666667,6,11,1686.4583058915216,113083.29582441994,8000,1110.721078865162,683.8754726893776,163703.26783927483,36296.732160725165,78861.1965994265,52564.464438702016,2e5,0,-0,2e5,510,36210,833.3333333333334,59166.66666666667,510,36210,1e4
72,6,6,12,1689.243628896,114772.53945331594,8000,1110.721078865162,682.0969493303118,163274.64370973996,36725.35629026004,79971.91767829168,53246.56138803233,2e5,0,-0,2e5,510,36720,833.3333333333334,6e4,510,36720,1e4
73,6.083333333333333,7,1,1692.0335520878725,116464.57300540381,8000,1110.721078865162,680.3110154572498,162844.23364633205,37155.76635366795,81082.63875715683,53926.87240348958,2e5,0,-0,2e5,510,37230,833.3333333333334,60833.333333333336,510,37230,1e4
74,6.166666666666667,7,2,1694.8280830647225,118159.40108846853,8000,1110.721078865162,678.5176401930502,162412.03020765993,37587.96979234007,82193.35983602199,54605.39004368263,2e5,0,-0,2e5,510,37740,833.3333333333334,61666.66666666667,510,37740,1e4
75,6.25,7,3,1697.6272294366813,119857.02831790522,8000,1110.721078865162,676.7167925319163,161978.02592132668,38021.97407867332,83304.08091488716,55282.106836214545,2e5,0,-0,2e5,510,38250,833.3333333333334,62500,510,38250,1e4
76,6.333333333333333,7,4,1700.4309988264497,121557.45931673166,8000,1110.721078865162,674.9084413388612,161542.21328380037,38457.786716199626,84414.80199375232,55957.01527755341,2e5,0,-0,2e5,510,38760,833.3333333333334,63333.333333333336,510,38760,1e4
77,6.416666666666667,7,5,1703.239398869317,123260.69871560099,8000,1110.721078865162,673.0925553491683,161104.58476028437,38895.41523971563,85525.52307261748,56630.10783290258,2e5,0,-0,2e5,510,39270,833.3333333333334,64166.66666666667,510,39270,1e4
78,6.5,7,6,1706.0524372131833,124966.75115281416,8000,1110.721078865162,671.2691031678515,160665.13278458704,39334.86721541296,86636.24415148265,57301.37693607043,2e5,0,-0,2e5,510,39780,833.3333333333334,65e3,510,39780,1e4
79,6.583333333333333,7,7,1708.8701215185797,126675.62127433275,8000,1110.721078865162,669.4380532691126,160223.84975899098,39776.15024100902,87746.9652303478,57970.81498933954,2e5,0,-0,2e5,510,40290,833.3333333333334,65833.33333333334,510,40290,1e4
80,6.666666666666667,7,8,1711.6924594586899,128387.31373379144,8000,1110.721078865162,667.5993739957958,159780.7280541216,40219.2719458784,88857.68630921296,58638.41436333534,2e5,0,-0,2e5,510,40800,833.3333333333334,66666.66666666667,510,40800,1e4
81,6.75,7,9,1714.5194587193696,130101.8331925108,8000,1110.721078865162,665.75303355884,159335.76000881527,40664.23999118473,89968.40738807814,59304.167396894176,2e5,0,-0,2e5,510,41310,833.3333333333334,67500,510,41310,1e4
82,6.833333333333333,7,10,1717.3511269991686,131819.18431950998,8000,1110.721078865162,663.8990000367303,158888.93792998683,41111.06207001317,91079.1284669433,59968.06639693091,2e5,0,-0,2e5,510,41820,833.3333333333334,68333.33333333334,510,41820,1e4
83,6.916666666666667,7,11,1720.1874720093522,133539.3717915193,8000,1110.721078865162,662.0372413749451,158440.25409249662,41559.745907503384,92189.84954580845,60630.10363830585,2e5,0,-0,2e5,510,42330,833.3333333333334,69166.66666666667,510,42330,1e4
84,7,7,12,1723.02850147392,135262.40029299323,8000,1110.721078865162,660.1677253854026,157989.70073901684,42010.299260983156,93300.57062467362,61290.27136369125,2e5,0,-0,2e5,510,42840,833.3333333333334,7e4,510,42840,1e4
85,7.083333333333333,8,1,1725.8742231296299,136988.27451612288,8000,1110.721078865162,658.2904197459035,157537.27007989757,42462.72992010243,94411.29170353878,61948.56178343716,2e5,0,-0,2e5,510,43350,833.3333333333334,70833.33333333334,510,43350,1e4
86,7.166666666666667,8,2,1728.724644726017,138716.99916084888,8000,1110.721078865162,656.4052919995733,157082.95429303197,42917.04570696803,95522.01278240394,62604.96707543673,2e5,0,-0,2e5,510,43860,833.3333333333334,71666.66666666667,510,43860,1e4
87,7.25,8,3,1731.579774025415,140448.5789348743,8000,1110.721078865162,654.5123095542999,156626.7455237211,43373.254476278904,96632.73386126911,63259.479384991035,2e5,0,-0,2e5,510,44370,833.3333333333334,72500,510,44370,1e4
88,7.333333333333333,8,4,1734.4396188029784,142183.01855367728,8000,1110.721078865162,652.6114396821712,156168.6358845381,43831.36411546191,97743.45494013427,63912.0908246732,2e5,0,-0,2e5,510,44880,833.3333333333334,73333.33333333334,510,44880,1e4
89,7.416666666666667,8,5,1737.3041868467033,143920.322740524,8000,1110.721078865162,650.7026495189087,155708.61745519182,44291.38254480818,98854.17601899942,64562.79347419211,2e5,0,-0,2e5,510,45390,833.3333333333334,74166.66666666667,510,45390,1e4
90,7.5,8,6,1740.1734859574467,145660.49622648142,8000,1110.721078865162,648.7859060632993,155246.68228238996,44753.31771761004,99964.8970978646,65211.57938025541,2e5,0,-0,2e5,510,45900,833.3333333333334,75e3,510,45900,1e4
91,7.583333333333333,8,7,1743.0475239489513,147403.5437504304,8000,1110.721078865162,646.8611761766248,154782.82237970142,45217.17762029858,101075.61817672975,65858.44055643203,2e5,0,-0,2e5,510,46410,833.3333333333334,75833.33333333334,510,46410,1e4
92,7.666666666666667,8,8,1745.9263086478638,149149.47005907824,8000,1110.721078865162,644.9284265820893,154317.02972741832,45682.970272581675,102186.33925559491,66503.36898301412,2e5,0,-0,2e5,510,46920,833.3333333333334,76666.66666666667,510,46920,1e4
93,7.75,8,9,1748.809847893757,150898.27990697202,8000,1110.721078865162,642.987623864243,153849.29627241738,46150.703727582615,103297.06033446008,67146.35660687837,2e5,0,-0,2e5,510,47430,833.3333333333334,77500,510,47430,1e4
94,7.833333333333333,8,10,1751.6981495391524,152649.97805651117,8000,1110.721078865162,641.0387344684058,153379.6139280206,46620.38607197939,104407.78141332524,67787.39534134677,2e5,0,-0,2e5,510,47940,833.3333333333334,78333.33333333334,510,47940,1e4
95,7.916666666666667,8,11,1754.5912214495395,154404.5692779607,8000,1110.721078865162,639.0817247000858,152907.97457385552,47092.02542614448,105518.5024921904,68426.47706604686,2e5,0,-0,2e5,510,48450,833.3333333333334,79166.66666666667,510,48450,1e4
96,8,8,12,1757.4890715033987,156162.0583494641,8000,1110.721078865162,637.116560724398,152434.37005571474,47565.62994428526,106629.22357105557,69063.59362677125,2e5,0,-0,2e5,510,48960,833.3333333333334,8e4,510,48960,1e4
97,8.083333333333334,9,1,1760.391707592223,157922.45005705633,8000,1110.721078865162,635.1432085654781,151958.79218541505,48041.20781458495,107739.94464992073,69698.73683533673,2e5,0,-0,2e5,510,49470,833.3333333333334,80833.33333333334,510,49470,1e4
98,8.166666666666666,9,2,1763.2991376205375,159685.74919467687,8000,1110.721078865162,633.161634105896,151481.23274065577,48518.767259344226,108850.66572878588,70331.89846944263,2e5,0,-0,2e5,510,49980,833.3333333333334,81666.66666666667,510,49980,1e4
99,8.25,9,3,1766.2113695059234,161451.96056418278,8000,1110.721078865162,631.1718030860657,151001.68346487667,48998.31653512333,109961.38680765104,70963.0702725287,2e5,0,-0,2e5,510,50490,833.3333333333334,82500,510,50490,1e4
100,8.333333333333334,9,4,1769.128411179038,163221.0889753618,8000,1110.721078865162,629.1736811036528,150520.13606711515,49479.86393288485,111072.10788651621,71592.24395363235,2e5,0,-0,2e5,510,51e3,833.3333333333334,83333.33333333334,510,51e3,1e4
101,8.416666666666666,9,5,1772.0502705836373,164993.13924594547,8000,1110.721078865162,627.1672336129798,150036.58222186295,49963.41777813705,112182.82896538137,72219.41118724534,2e5,0,-0,2e5,510,51510,833.3333333333334,84166.66666666667,510,51510,1e4
102,8.5,9,6,1774.976955676596,166768.11620162206,8000,1110.721078865162,625.1524259244289,149551.0135689222,50448.98643107779,113293.55004424653,72844.56361316975,2e5,0,-0,2e5,510,52020,833.3333333333334,85e3,510,52020,1e4
103,8.583333333333334,9,7,1777.9084744279305,168546.02467604997,8000,1110.721078865162,623.1292232038426,149063.42171326088,50936.578286739124,114404.2711231117,73467.69283637361,2e5,0,-0,2e5,510,52530,833.3333333333334,85833.33333333334,510,52530,1e4
104,8.666666666666666,9,8,1780.844834820821,170326.8695108708,8000,1110.721078865162,621.0975904719203,148573.7982248676,51426.20177513239,115514.99220197686,74088.79042684552,2e5,0,-0,2e5,510,53040,833.3333333333334,86666.66666666667,510,53040,1e4
105,8.75,9,9,1783.7860448516321,172110.65555572245,8000,1110.721078865162,619.0574926036151,148082.13463860605,51917.86536139395,116625.71328084201,74707.84791944914,2e5,0,-0,2e5,510,53550,833.3333333333334,87500,510,53550,1e4
106,8.833333333333334,9,10,1786.7321125299352,173897.38766825237,8000,1110.721078865162,617.0088943275252,147588.4224540684,52411.57754593159,117736.43435970719,75324.85681377666,2e5,0,-0,2e5,510,54060,833.3333333333334,88333.33333333334,510,54060,1e4
107,8.916666666666666,9,11,1789.68304587853,175687.0707141309,8000,1110.721078865162,614.951760225285,147092.65313542853,52907.346864571475,118847.15543857234,75939.80857400195,2e5,0,-0,2e5,510,54570,833.3333333333334,89166.66666666667,510,54570,1e4
108,9,9,12,1792.6388529334665,177479.70956706436,8000,1110.721078865162,612.8860547309522,146594.8181112943,53405.1818887057,119957.8765174375,76552.6946287329,2e5,0,-0,2e5,510,55080,833.3333333333334,9e4,510,55080,1e4
109,9.083333333333334,10,1,1795.5995417440672,179275.30910880843,8000,1110.721078865162,610.8117421303929,146094.90877455953,53905.09122544047,121068.59759630267,77163.5063708633,2e5,0,-0,2e5,510,55590,833.3333333333334,90833.33333333334,510,55590,1e4
110,9.166666666666666,10,2,1798.565120372948,181073.87422918138,8000,1110.721078865162,608.7287865606647,145592.91648225504,54407.08351774496,122179.31867516783,77772.23515742396,2e5,0,-0,2e5,510,56100,833.3333333333334,91666.66666666667,510,56100,1e4
111,9.25,10,3,1801.5355968960419,182875.40982607743,8000,1110.721078865162,606.637152009396,145088.83255539925,54911.16744460075,123290.03975403299,78378.87230943335,2e5,0,-0,2e5,510,56610,833.3333333333334,92500,510,56610,1e4
112,9.333333333333334,10,4,1804.5109794026191,184679.92080548004,8000,1110.721078865162,604.5368023141635,144582.64827884824,55417.35172115176,124400.76083289816,78983.40911174752,2e5,0,-0,2e5,510,57120,833.3333333333334,93333.33333333334,510,57120,1e4
113,9.416666666666666,10,5,1807.4912759953102,186487.41208147534,8000,1110.721078865162,602.4277011618676,144074.35490114492,55925.64509885508,125511.48191176332,79585.83681290939,2e5,0,-0,2e5,510,57630,833.3333333333334,94166.66666666667,510,57630,1e4
114,9.5,10,6,1810.4764947901276,188297.88857626548,8000,1110.721078865162,600.3098120881039,143563.94363436784,56436.05636563216,126622.20299062847,80186.14662499749,2e5,0,-0,2e5,510,58140,833.3333333333334,95e3,510,58140,1e4
115,9.583333333333334,10,7,1813.4666439164891,190111.35522018198,8000,1110.721078865162,598.1830984765327,143051.4056539792,56948.59434602081,127732.92406949365,80784.32972347402,2e5,0,-0,2e5,510,58650,833.3333333333334,95833.33333333334,510,58650,1e4
116,9.666666666666666,10,8,1816.4617315172375,191927.8169516992,8000,1110.721078865162,596.0475235582467,142536.73209867228,57463.26790132772,128843.6451483588,81380.37724703227,2e5,0,-0,2e5,510,59160,833.3333333333334,96666.66666666667,510,59160,1e4
117,9.75,10,9,1819.461765748665,193747.2787174479,8000,1110.721078865162,593.9030504111345,142019.91407021825,57980.08592978175,129954.36622722396,81974.2802974434,2e5,0,-0,2e5,510,59670,833.3333333333334,97500,510,59670,1e4
118,9.833333333333334,10,10,1822.466754780534,195569.74547222842,8000,1110.721078865162,591.7496419592427,141500.9426333123,58499.05736668769,131065.08730608913,82566.02993940264,2e5,0,-0,2e5,510,60180,833.3333333333334,98333.33333333334,510,60180,1e4
119,9.916666666666666,10,11,1825.4767067961006,197395.2221790245,8000,1110.721078865162,589.5872609721346,140979.80881541927,59020.19118458073,132175.8083849543,83155.61720037478,2e5,0,-0,2e5,510,60690,833.3333333333334,99166.66666666667,510,60690,1e4
120,10,10,12,1828.491629992136,199223.71380901666,8000,1110.721078865162,587.415870064247,140456.50360661835,59543.49639338165,133286.52946381946,83743.03307043902,2e5,0,-0,2e5,510,61200,833.3333333333334,1e5,510,61200,1e4
121,10.083333333333334,11,1,1831.5115325789486,201055.2253415956,8000,1110.721078865162,585.2354316942432,139931.01795944743,60068.98204055257,134397.2505426846,84328.26850213327,2e5,0,-0,2e5,510,61710,833.3333333333334,100833.33333333334,510,61710,1e4
122,10.166666666666666,11,2,1834.5364227804073,202889.761764376,8000,1110.721078865162,583.0459081643643,139403.34278874664,60596.65721125336,135507.97162154978,84911.31441029764,2e5,0,-0,2e5,510,62220,833.3333333333334,101666.66666666667,510,62220,1e4
123,10.25,11,3,1837.5663088339627,204727.32807320997,8000,1110.721078865162,580.8472616197777,138873.46897150125,61126.53102849875,136618.69270041495,85492.1616719174,2e5,0,-0,2e5,510,62730,833.3333333333334,102500,510,62730,1e4
124,10.333333333333334,11,4,1840.6011989906715,206567.92927220062,8000,1110.721078865162,578.6394540479218,138341.387346684,61658.612653316,137729.4137792801,86070.80112596533,2e5,0,-0,2e5,510,63240,833.3333333333334,103333.33333333334,510,63240,1e4
125,10.416666666666666,11,5,1843.6411015152162,208411.57037371586,8000,1110.721078865162,576.42244727785,137807.08871509667,62192.911284903326,138840.13485814526,86647.22357324319,2e5,0,-0,2e5,510,63750,833.3333333333334,104166.66666666667,510,63750,1e4
126,10.5,11,6,1846.6860246859305,210258.25639840178,8000,1110.721078865162,574.1962029795694,137270.56383921107,62729.43616078893,139950.85593701043,87221.41977622276,2e5,0,-0,2e5,510,64260,833.3333333333334,105e3,510,64260,1e4
127,10.583333333333334,11,7,1849.735976794819,212107.9923751966,8000,1110.721078865162,571.9606826633794,136731.80344300927,63268.19655699073,141061.57701587558,87793.38045888614,2e5,0,-0,2e5,510,64770,833.3333333333334,105833.33333333334,510,64770,1e4
128,10.666666666666666,11,8,1852.7909661475824,213960.78334134418,8000,1110.721078865162,569.7158476792052,136190.7982118233,63809.201788176695,142172.29809474075,88363.09630656533,2e5,0,-0,2e5,510,65280,833.3333333333334,106666.66666666667,510,65280,1e4
129,10.75,11,9,1855.851001063638,215816.6343424078,8000,1110.721078865162,567.4616592159305,135647.53879217408,64352.46120782592,143283.01917360592,88930.55796578126,2e5,0,-0,2e5,510,65790,833.3333333333334,107500,510,65790,1e4
130,10.833333333333334,11,10,1858.916089876145,217675.55043228396,8000,1110.721078865162,565.1980783007253,135102.01579160962,64897.98420839038,144393.74025247106,89495.756044082,2e5,0,-0,2e5,510,66300,833.3333333333334,108333.33333333334,510,66300,1e4
131,10.916666666666666,11,11,1861.9862409320228,219537.53667321597,8000,1110.721078865162,562.9250657983735,134554.2197785428,65445.780221457186,145504.46133133624,90058.68110988036,2e5,0,-0,2e5,510,66810,833.3333333333334,109166.66666666667,510,66810,1e4
132,11,11,12,1865.0614625919786,221402.59813580796,8000,1110.721078865162,560.6425824105951,134004.14128208824,65995.85871791176,146615.1824102014,90619.32369229096,2e5,0,-0,2e5,510,67320,833.3333333333334,11e4,510,67320,1e4
133,11.083333333333334,12,1,1868.1417632305277,223270.73989903848,8000,1110.721078865162,558.3505886753677,133451.77079189842,66548.22920810158,147725.90348906655,91177.67428096633,2e5,0,-0,2e5,510,67830,833.3333333333334,110833.33333333334,510,67830,1e4
134,11.166666666666666,12,2,1871.2271512360153,225141.9670502745,8000,1110.721078865162,556.0490449662434,132897.09875799948,67102.90124200052,148836.62456793172,91733.72332593257,2e5,0,-0,2e5,510,68340,833.3333333333334,111666.66666666667,510,68340,1e4
135,11.25,12,3,1874.317635010642,227016.28468528515,8000,1110.721078865162,553.7379114916645,132340.11559062597,67659.88440937403,149947.3456467969,92287.46123742424,2e5,0,-0,2e5,510,68850,833.3333333333334,112500,510,68850,1e4
136,11.333333333333334,12,4,1877.4132229704849,228893.69790825565,8000,1110.721078865162,551.4171482942749,131780.81166005507,68219.18833994493,151058.06672566204,92838.8783857185,2e5,0,-0,2e5,510,69360,833.3333333333334,113333.33333333334,510,69360,1e4
137,11.416666666666666,12,5,1880.5139235455206,230774.21183180116,8000,1110.721078865162,549.0867152502294,131219.17729644012,68780.82270355988,152168.7878045272,93387.96510096874,2e5,0,-0,2e5,510,69870,833.3333333333334,114166.66666666667,510,69870,1e4
138,11.5,12,6,1883.619745179649,232657.8315769808,8000,1110.721078865162,546.7465720685004,130655.20278964347,69344.79721035653,153279.50888339238,93934.71167303724,2e5,0,-0,2e5,510,70380,833.3333333333334,115e3,510,70380,1e4
139,11.583333333333334,12,7,1886.7306963307153,234544.56227331152,8000,1110.721078865162,544.3966782901812,130088.87838906849,69911.12161093151,154390.22996225752,94479.10835132742,2e5,0,-0,2e5,510,70890,833.3333333333334,115833.33333333334,510,70890,1e4
140,11.666666666666666,12,8,1889.846785470534,236434.40905878207,8000,1110.721078865162,542.0369932877853,129520.19430349111,70479.80569650889,155500.9510411227,95021.1453446152,2e5,0,-0,2e5,510,71400,833.3333333333334,116666.66666666667,510,71400,1e4
141,11.75,12,9,1892.968021084911,238327.37707986697,8000,1110.721078865162,539.6674762645463,128949.1407008905,71050.8592991095,156611.67211998787,95560.81282087976,2e5,0,-0,2e5,510,71910,833.3333333333334,117500,510,71910,1e4
142,11.833333333333334,12,10,1896.0944116736678,240223.47149154064,8000,1110.721078865162,537.2880862537104,128375.70770827905,71624.29229172095,157722.393198853,96098.10090713347,2e5,0,-0,2e5,510,72420,833.3333333333334,118333.33333333334,510,72420,1e4
143,11.916666666666666,12,11,1899.2259657506634,242122.6974572913,8000,1110.721078865162,534.8987821178293,127799.88541153172,72200.11458846828,158833.11427771818,96632.9996892513,2e5,0,-0,2e5,510,72930,833.3333333333334,119166.66666666667,510,72930,1e4
144,12,12,12,1902.3626918438183,244025.06014913513,8000,1110.721078865162,532.4995225480488,127221.66385521462,72778.33614478538,159943.83535658335,97165.49921179934,2e5,0,-0,2e5,510,73440,833.3333333333334,12e4,510,73440,1e4
145,12.083333333333334,13,1,1905.5045984951382,245930.56474763027,8000,1110.721078865162,530.0902660633942,126641.03304241285,73358.96695758715,161054.5564354485,97695.58947786274,2e5,0,-0,2e5,510,73950,833.3333333333334,120833.33333333334,510,73950,1e4
146,12.166666666666666,13,2,1908.6516942607357,247839.21644189098,8000,1110.721078865162,527.6709710100536,126057.98293455775,73942.01706544225,162165.27751431367,98223.2604488728,2e5,0,-0,2e5,510,74460,833.3333333333334,121666.66666666667,510,74460,1e4
147,12.25,13,3,1911.8039877108547,249751.02042960183,8000,1110.721078865162,525.2415955606573,125472.50345125324,74527.49654874676,163275.99859317884,98748.50204443345,2e5,0,-0,2e5,510,74970,833.3333333333334,122500,510,74970,1e4
148,12.333333333333334,13,4,1914.9614874298945,251665.98191703175,8000,1110.721078865162,522.8020977135552,124884.58447010165,75115.41552989835,164386.71967204398,99271.304142147,2e5,0,-0,2e5,510,75480,833.3333333333334,123333.33333333334,510,75480,1e4
149,12.416666666666666,13,5,1918.1242020164311,253584.10611904817,8000,1110.721078865162,520.3524352920901,124294.21582652858,75705.78417347142,165497.44075090915,99791.65657743909,2e5,0,-0,2e5,510,75990,833.3333333333334,124166.66666666667,510,75990,1e4
150,12.5,13,6,1921.2921400832422,255505.3982591314,8000,1110.721078865162,517.892565943869,123701.3873136073,76298.6126863927,166608.16182977433,100309.54914338296,2e5,0,-0,2e5,510,76500,833.3333333333334,125e3,510,76500,1e4
151,12.583333333333334,13,7,1924.4653102573297,257429.86356938875,8000,1110.721078865162,515.4224471400304,123106.08868188217,76893.91131811783,167718.88290863947,100824.971590523,2e5,0,-0,2e5,510,77010,833.3333333333334,125833.33333333334,510,77010,1e4
152,12.666666666666666,13,8,1927.6437211799446,259357.5072905687,8000,1110.721078865162,512.9420361745091,122508.30963919153,77491.69036080847,168829.60398750464,101337.9136266975,2e5,0,-0,2e5,510,77520,833.3333333333334,126666.66666666667,510,77520,1e4
153,12.75,13,9,1930.8273815066093,261288.3346720753,8000,1110.721078865162,510.45129016329804,121908.03985048967,78091.96014951033,169940.3250663698,101848.3649168608,2e5,0,-0,2e5,510,78030,833.3333333333334,127500,510,78030,1e4
154,12.833333333333334,13,10,1934.0162999071413,263222.35097198247,8000,1110.721078865162,507.950166043707,121305.26893766822,78694.73106233178,171051.04614523496,102356.3150829045,2e5,0,-0,2e5,510,78540,833.3333333333334,128333.33333333334,510,78540,1e4
155,12.916666666666666,13,11,1937.2104850656765,265159.5614570481,8000,1110.721078865162,505.4386205736176,120699.98647937669,79300.01352062331,172161.76722410013,102861.75370347813,2e5,0,-0,2e5,510,79050,833.3333333333334,129166.66666666667,510,79050,1e4
156,13,13,12,1940.4099456806948,267099.9714027288,8000,1110.721078865162,502.9166103307362,120092.18201084227,79907.81798915773,173272.4883029653,103364.67031380886,2e5,0,-0,2e5,510,79560,833.3333333333334,13e4,510,79560,1e4
157,13.083333333333334,14,1,1943.614690465041,269043.58609319385,8000,1110.721078865162,500.38409171184276,119481.84502368895,80518.15497631105,174383.20938183044,103865.0544055207,2e5,0,-0,2e5,510,80070,833.3333333333334,130833.33333333334,510,80070,1e4
158,13.166666666666666,14,2,1946.8247281459503,270990.4108213398,8000,1110.721078865162,497.8410209320373,118868.96496575583,81131.03503424417,175493.9304606956,104362.89542645274,2e5,0,-0,2e5,510,80580,833.3333333333334,131666.6666666667,510,80580,1e4
159,13.25,14,3,1950.0400674650723,272940.45088880486,8000,1110.721078865162,495.28735402398263,118253.53124091466,81746.46875908534,176604.6515395608,104858.18278047672,2e5,0,-0,2e5,510,81090,833.3333333333334,132500,510,81090,1e4
160,13.333333333333334,14,4,1953.2607171784928,274893.7116059834,8000,1110.721078865162,492.7230468371444,117635.53320888664,82364.46679111336,177715.37261842593,105350.90582731387,2e5,0,-0,2e5,510,81600,833.3333333333334,133333.33333333334,510,81600,1e4
161,13.416666666666666,14,5,1956.4866860567597,276850.19829204015,8000,1110.721078865162,490.1480550370277,117014.96018505852,82985.03981494148,178826.0936972911,105841.0538823509,2e5,0,-0,2e5,510,82110,833.3333333333334,134166.6666666667,510,82110,1e4
162,13.5,14,6,1959.7179828849069,278809.91627492505,8000,1110.721078865162,487.56233410441047,116391.80144029777,83608.19855970223,179936.81477615627,106328.61621645531,2e5,0,-0,2e5,510,82620,833.3333333333334,135e3,510,82620,1e4
163,13.583333333333334,14,7,1962.9546164624762,280772.8708913875,8000,1110.721078865162,484.965839334574,115766.04620076719,84233.95379923281,181047.53585502142,106813.58205578988,2e5,0,-0,2e5,510,83130,833.3333333333334,135833.33333333334,510,83130,1e4
164,13.666666666666666,14,8,1966.1965956035435,282739.06748699106,8000,1110.721078865162,482.35852583652996,115137.68364773857,84862.31635226143,182158.2569338866,107295.9405816264,2e5,0,-0,2e5,510,83640,833.3333333333334,136666.6666666667,510,83640,1e4
165,13.75,14,9,1969.4439291367414,284708.5114161278,8000,1110.721078865162,479.740348532244,114506.70291740565,85493.29708259435,183268.97801275176,107775.68093015865,2e5,0,-0,2e5,510,84150,833.3333333333334,137500,510,84150,1e4
166,13.833333333333334,14,10,1972.696625905284,286681.2080420331,8000,1110.721078865162,477.1112621558569,113873.09310069635,86126.90689930365,184379.6990916169,108252.7921923145,2e5,0,-0,2e5,510,84660,833.3333333333334,138333.33333333334,510,84660,1e4
167,13.916666666666666,14,11,1975.95469476699,288657.1627368001,8000,1110.721078865162,474.47122125290144,113236.84324308409,86763.15675691591,185490.42017048207,108727.26341356742,2e5,0,-0,2e5,510,85170,833.3333333333334,139166.6666666667,510,85170,1e4
168,14,14,12,1979.2181445943086,290636.3808813944,8000,1110.721078865162,471.820180179517,112597.94234439846,87402.05765560154,186601.14124934725,109199.08359374692,2e5,0,-0,2e5,510,85680,833.3333333333334,14e4,510,85680,1e4
169,14.083333333333334,15,1,1982.486984274342,292618.8678656687,8000,1110.721078865162,469.1580931016602,111956.37935863496,88043.62064136504,187711.8623282124,109668.24168684859,2e5,0,-0,2e5,510,86190,833.3333333333334,140833.33333333334,510,86190,1e4
170,14.166666666666666,15,2,1985.7612227088694,294604.6290883776,8000,1110.721078865162,466.48491399431236,111312.14319376412,88687.85680623588,188822.58340707756,110134.7266008429,2e5,0,-0,2e5,510,86700,833.3333333333334,141666.6666666667,510,86700,1e4
171,14.25,15,3,1989.0408688143734,296593.669957192,8000,1110.721078865162,463.8005966406838,110665.22271153964,89334.77728846036,189933.30448594273,110598.52719748359,2e5,0,-0,2e5,510,87210,833.3333333333334,142500,510,87210,1e4
172,14.333333333333334,15,4,1992.3259315220623,298585.99588871404,8000,1110.721078865162,461.10509463141517,110015.6067273059,89984.3932726941,191044.02556480787,111059.632292115,2e5,0,-0,2e5,510,87720,833.3333333333334,143333.33333333334,510,87720,1e4
173,14.416666666666666,15,5,1995.616419777895,300581.6123084919,8000,1110.721078865162,458.3983613637746,109363.28400980451,90636.71599019549,192154.74664367305,111518.03065347878,2e5,0,-0,2e5,510,88230,833.3333333333334,144166.6666666667,510,88230,1e4
174,14.5,15,6,1998.912342542605,302580.5246510345,8000,1110.721078865162,455.68035004085215,108708.24328098021,91291.75671901979,193265.46772253822,111973.71100351962,2e5,0,-0,2e5,510,88740,833.3333333333334,145e3,510,88740,1e4
175,14.583333333333334,15,7,2002.2137087917258,304582.73835982627,8000,1110.721078865162,452.95101367075085,108050.47321578581,91949.52678421419,194376.18880140336,112426.66201719038,2e5,0,-0,2e5,510,89250,833.3333333333334,145833.33333333334,510,89250,1e4
176,14.666666666666666,15,8,2005.5205275156145,306588.2588873419,8000,1110.721078865162,450.2103050657742,107389.96244198643,92610.03755801357,195486.90988026853,112876.87232225615,2e5,0,-0,2e5,510,89760,833.3333333333334,146666.6666666667,510,89760,1e4
177,14.75,15,9,2008.8328077194765,308597.09169506136,8000,1110.721078865162,447.4581768416101,106726.69953996288,93273.30046003712,196597.6309591337,113324.33049909776,2e5,0,-0,2e5,510,90270,833.3333333333334,147500,510,90270,1e4
178,14.833333333333334,15,10,2012.1505584233898,310609.2422534847,8000,1110.721078865162,444.694581416512,106060.67304251423,93939.32695748577,197708.35203799885,113769.02508051427,2e5,0,-0,2e5,510,90780,833.3333333333334,148333.33333333334,510,90780,1e4
179,14.916666666666666,15,11,2015.4737886623298,312624.7160421471,8000,1110.721078865162,441.91947101047595,105391.87143465955,94608.12856534045,198819.07311686402,114210.94455152475,2e5,0,-0,2e5,510,91290,833.3333333333334,149166.6666666667,510,91290,1e4
180,15,15,12,2018.8025074861948,314643.51854963327,8000,1110.721078865162,439.1327976444148,104720.28315343881,95279.71684656119,199929.7941957292,114650.07734916917,2e5,0,-0,2e5,510,91800,833.3333333333334,15e4,510,91800,1e4
181,15.083333333333334,16,1,2022.1367239598285,316665.6552735931,8000,1110.721078865162,436.33451313932835,104045.89658771298,95954.10341228702,201040.51527459433,115086.4118623085,2e5,0,-0,2e5,510,92310,833.3333333333334,150833.33333333334,510,92310,1e4
182,15.166666666666666,16,2,2025.476447163047,318691.1317207561,8000,1110.721078865162,433.52456911547074,103368.7000779633,96631.2999220367,202151.2363534595,115519.93643142396,2e5,0,-0,2e5,510,92820,833.3333333333334,151666.6666666667,510,92820,1e4
183,15.25,16,3,2028.821686190661,320719.9534069468,8000,1110.721078865162,430.70291699151375,102688.68191608966,97311.31808391034,203261.95743232468,115950.63934841548,2e5,0,-0,2e5,510,93330,833.3333333333334,152500,510,93330,1e4
184,15.333333333333334,16,4,2032.1724501525036,322752.1258570993,8000,1110.721078865162,427.8695079837069,102005.8303452082,97994.1696547918,204372.67851118982,116378.50885639919,2e5,0,-0,2e5,510,93840,833.3333333333334,153333.33333333334,510,93840,1e4
185,15.416666666666666,16,5,2035.5287481734526,324787.65460527275,8000,1110.721078865162,425.0242931050342,101320.13355944808,98679.86644055192,205483.399590055,116803.53314950422,2e5,0,-0,2e5,510,94350,833.3333333333334,154166.6666666667,510,94350,1e4
186,15.5,16,6,2038.8905893934573,326826.5451946662,8000,1110.721078865162,422.167223164367,100631.57970374728,99368.42029625272,206594.12066892016,117225.70037266858,2e5,0,-0,2e5,510,94860,833.3333333333334,155e3,510,94860,1e4
187,15.583333333333334,16,7,2042.2579829675606,328868.8031776338,8000,1110.721078865162,419.29824876561366,99940.15687364773,100059.84312635227,207704.8417477853,117644.9986214342,2e5,0,-0,2e5,510,95370,833.3333333333334,155833.33333333334,510,95370,1e4
188,15.666666666666666,16,8,2045.6309380659266,330914.43411569967,8000,1110.721078865162,416.4173203068656,99245.85311508944,100754.14688491056,208815.56282665048,118061.41594174107,2e5,0,-0,2e5,510,95880,833.3333333333334,156666.6666666667,510,95880,1e4
189,15.75,16,9,2049.009463873866,332963.44357957353,8000,1110.721078865162,413.5243879795393,98548.65642420383,101451.34357579617,209926.28390551565,118474.9403297206,2e5,0,-0,2e5,510,96390,833.3333333333334,157500,510,96390,1e4
190,15.833333333333334,16,10,2052.3935695918576,335015.8371491654,8000,1110.721078865162,410.61940176751597,97848.55474710619,102151.44525289381,211037.0049843808,118885.55973148812,2e5,0,-0,2e5,510,96900,833.3333333333334,158333.33333333334,510,96900,1e4
191,15.916666666666666,16,11,2055.7832644355763,337071.620413601,8000,1110.721078865162,407.70231144627576,97145.53597968731,102854.46402031269,212147.72606324597,119293.2620429344,2e5,0,-0,2e5,510,97410,833.3333333333334,159166.6666666667,510,97410,1e4
192,16,16,12,2059.178557635919,339130.7989712369,8000,1110.721078865162,404.7730665820304,96439.58796740418,103560.41203259582,213258.44714211114,119698.03510951642,2e5,0,-0,2e5,510,97920,833.3333333333334,16e4,510,97920,1e4
193,16.083333333333332,17,1,2062.579458439025,341193.37842967594,8000,1110.721078865162,401.83161653085074,95730.69850506987,104269.30149493013,214369.16822097628,120099.86672604727,2e5,0,-0,2e5,510,98430,833.3333333333334,160833.33333333334,510,98430,1e4
194,16.166666666666668,17,2,2065.985976106308,343259.36440578225,8000,1110.721078865162,398.8779104377911,95018.8553366425,104981.1446633575,215479.88929984145,120498.74463648506,2e5,0,-0,2e5,510,98940,833.3333333333334,161666.6666666667,510,98940,1e4
195,16.25,17,3,2069.398119914474,345328.7625256967,8000,1110.721078865162,395.9118972360104,94304.04615501336,105695.95384498664,216590.6103787066,120894.65653372108,2e5,0,-0,2e5,510,99450,833.3333333333334,162500,510,99450,1e4
196,16.333333333333332,17,4,2072.815899155554,347401.5784248523,8000,1110.721078865162,392.933525645889,93586.25860179409,106413.74139820591,217701.33145757177,121287.59005936696,2e5,0,-0,2e5,510,99960,833.3333333333334,163333.33333333334,510,99960,1e4
197,16.416666666666668,17,5,2076.239323136922,349477.8177479892,8000,1110.721078865162,389.94274417414204,92865.48026710308,107134.51973289692,218812.05253643694,121677.53280354111,2e5,0,-0,2e5,510,100470,833.3333333333334,164166.6666666667,510,100470,1e4
198,16.5,17,6,2079.6684011813263,351557.4861491705,8000,1110.721078865162,386.93950111292946,92141.69868935084,107858.30131064916,219922.77361530208,122064.47230465405,2e5,0,-0,2e5,510,100980,833.3333333333334,165e3,510,100980,1e4
199,16.583333333333332,17,7,2083.1031426269114,353640.5892917974,8000,1110.721078865162,383.92374453896184,91414.90135502465,108585.09864497535,221033.49469416725,122448.396049193,2e5,0,-0,2e5,510,101490,833.3333333333334,165833.33333333334,510,101490,1e4
200,16.666666666666668,17,8,2086.5435568272455,355727.13284862466,8000,1110.721078865162,380.8954223126027,90685.0756984721,109314.9243015279,222144.21577303243,122829.29147150561,2e5,0,-0,2e5,510,102e3,833.3333333333334,166666.6666666667,510,102e3,1e4
201,16.75,17,9,2089.9896531513436,357817.12250177603,8000,1110.721078865162,377.85448207696703,89952.2091016839,110047.7908983161,223254.93685189757,123207.14595358257,2e5,0,-0,2e5,510,102510,833.3333333333334,167500,510,102510,1e4
202,16.833333333333332,17,10,2093.4414409836945,359910.5639427597,8000,1110.721078865162,374.80087125701624,89216.28889407575,110783.71110592425,224365.65793076274,123581.94682483959,2e5,0,-0,2e5,510,103020,833.3333333333334,168333.33333333334,510,103020,1e4
203,16.916666666666668,17,11,2096.8989297242883,362007.462872484,8000,1110.721078865162,371.734537058649,88477.30235226925,111522.69764773075,225476.3790096279,123953.68136189824,2e5,0,-0,2e5,510,103530,833.3333333333334,169166.6666666667,510,103530,1e4
204,17,17,12,2100.362128788637,364107.82500127266,8000,1110.721078865162,368.6554264677886,87735.23669987188,112264.76330012812,226587.10008849305,124322.33678836602,2e5,0,-0,2e5,510,104040,833.3333333333334,17e4,510,104040,1e4
205,17.083333333333332,18,1,2103.831047607806,366211.6560488804,8000,1110.721078865162,365.56348624946617,86990.07910725618,113009.92089274382,227697.82116735823,124687.90027461549,2e5,0,-0,2e5,510,104550,833.3333333333334,170833.33333333334,510,104550,1e4
206,17.166666666666668,18,2,2107.305695628434,368318.9617445089,8000,1110.721078865162,362.45866294690074,86241.81669133792,113758.18330866208,228808.5422462234,125050.35893756239,2e5,0,-0,2e5,510,105060,833.3333333333334,171666.6666666667,510,105060,1e4
207,17.25,18,3,2110.786082312764,370429.74782682164,8000,1110.721078865162,359.3409028805747,85490.43651535334,114509.56348464666,229919.26332508854,125409.69984044296,2e5,0,-0,2e5,510,105570,833.3333333333334,172500,510,105570,1e4
208,17.333333333333332,18,4,2114.272217138665,372544.0200439603,8000,1110.721078865162,356.2101521473056,84735.9255886355,115264.0744113645,231029.9844039537,125765.90999259027,2e5,0,-0,2e5,510,106080,833.3333333333334,173333.33333333334,510,106080,1e4
209,17.416666666666668,18,5,2117.7641095996605,374661.78415355994,8000,1110.721078865162,353.06635661931455,83978.27086638965,116021.72913361035,232140.70548281888,126118.97634920958,2e5,0,-0,2e5,510,106590,833.3333333333334,174166.6666666667,510,106590,1e4
210,17.5,18,6,2121.261769204953,376783.0459227649,8000,1110.721078865162,349.9094619432902,83217.45924946778,116782.54075053222,233251.42656168403,126468.88581115288,2e5,0,-0,2e5,510,107100,833.3333333333334,175e3,510,107100,1e4
211,17.583333333333332,18,7,2124.76520547945,378907.8111282444,8000,1110.721078865162,346.73941353944906,82453.47758414206,117546.52241585794,234362.1476405492,126815.62522469232,2e5,0,-0,2e5,510,107610,833.3333333333334,175833.33333333334,510,107610,1e4
212,17.666666666666668,18,8,2128.2744279637905,381036.08555620816,8000,1110.721078865162,343.5561566005919,81686.3126618775,118313.6873381225,235472.86871941437,127159.18138129292,2e5,0,-0,2e5,510,108120,833.3333333333334,176666.6666666667,510,108120,1e4
213,17.75,18,9,2131.7894462143704,383167.87500242254,8000,1110.721078865162,340.35963609115623,80915.9512191035,119084.0487808965,236583.5897982795,127499.54101738408,2e5,0,-0,2e5,510,108630,833.3333333333334,177500,510,108630,1e4
214,17.833333333333332,18,10,2135.3102698033686,385303.1852722259,8000,1110.721078865162,337.1497967462646,80142.37993698461,119857.62006301539,237694.3108771447,127836.69081413034,2e5,0,-0,2e5,510,109140,833.3333333333334,178333.33333333334,510,109140,1e4
215,17.916666666666668,18,11,2138.836908318774,387442.0221805447,8000,1110.721078865162,333.9265830707692,79365.58544119023,120634.41455880977,238805.03195600986,128170.6173972011,2e5,0,-0,2e5,510,109650,833.3333333333334,179166.6666666667,510,109650,1e4
216,18,18,12,2142.36937136441,389584.3915519091,8000,1110.721078865162,330.6899393382926,78585.55430166336,121414.44569833664,239915.753034875,128501.3073365394,2e5,0,-0,2e5,510,110160,833.3333333333334,18e4,510,110160,1e4
217,18.083333333333332,19,1,2145.9076685599616,391730.299220469,8000,1110.721078865162,327.439809590264,77802.27303238846,122197.72696761154,241026.47411374017,128828.74714612967,2e5,0,-0,2e5,510,110670,833.3333333333334,180833.33333333334,510,110670,1e4
218,18.166666666666668,19,2,2149.4518095410026,393879.75103001005,8000,1110.721078865162,324.17613763495194,77015.72809115825,122984.27190884175,242137.19519260534,129152.92328376461,2e5,0,-0,2e5,510,111180,833.3333333333334,181666.6666666667,510,111180,1e4
219,18.25,19,3,2153.001803959019,396032.7528339691,8000,1110.721078865162,320.8988670464927,76225.90587933958,123774.09412066042,243247.9162714705,129473.82215081112,2e5,0,-0,2e5,510,111690,833.3333333333334,182500,510,111690,1e4
220,18.333333333333332,19,4,2156.557661481438,398189.3104954505,8000,1110.721078865162,317.6079411639149,75432.79274163835,124567.20725836165,244358.63735033566,129791.43009197502,2e5,0,-0,2e5,510,112200,833.3333333333334,183333.33333333334,510,112200,1e4
221,18.416666666666668,19,5,2160.1193917916535,400349.42988724215,8000,1110.721078865162,314.3033030901598,74636.37496586335,125363.62503413665,245469.35842920083,130105.73339506518,2e5,0,-0,2e5,510,112710,833.3333333333334,184166.6666666667,510,112710,1e4
222,18.5,19,6,2163.687004589052,402513.1168918312,8000,1110.721078865162,310.9848956910973,73836.63878268929,126163.36121731071,246580.07950806597,130416.71829075628,2e5,0,-0,2e5,510,113220,833.3333333333334,185e3,510,113220,1e4
223,18.583333333333332,19,7,2167.260509589039,404680.37740142026,8000,1110.721078865162,307.6526615945387,73033.57036541867,126966.42963458133,247690.80058693115,130724.37095235082,2e5,0,-0,2e5,510,113730,833.3333333333334,185833.33333333334,510,113730,1e4
224,18.666666666666668,19,8,2170.839916523066,406851.21731794334,8000,1110.721078865162,304.30654318924445,72227.15582974275,127772.84417025725,248801.52166579632,131028.67749554006,2e5,0,-0,2e5,510,114240,833.3333333333334,186666.6666666667,510,114240,1e4
225,18.75,19,9,2174.4252351386576,409025.64255308197,8000,1110.721078865162,300.94648262392815,71417.38123350152,128582.61876649848,249912.24274466146,131329.623978164,2e5,0,-0,2e5,510,114750,833.3333333333334,187500,510,114750,1e4
226,18.833333333333332,19,10,2178.016475199436,411203.6590282814,8000,1110.721078865162,297.57242180625633,70604.23257644262,129395.76742355738,251022.96382352663,131627.19639997024,2e5,0,-0,2e5,510,115260,833.3333333333334,188333.33333333334,510,115260,1e4
227,18.916666666666668,19,11,2181.6136464851493,413385.27267476654,8000,1110.721078865162,294.18430240184426,69787.69579997931,130212.30420002069,252133.6849023918,131921.3807023721,2e5,0,-0,2e5,510,115770,833.3333333333334,189166.6666666667,510,115770,1e4
228,19,19,12,2185.2167587916983,415570.48943355825,8000,1110.721078865162,290.7820658332471,68967.7567869474,131032.2432130526,253244.40598125695,132212.16276820534,2e5,0,-0,2e5,510,116280,833.3333333333334,19e4,510,116280,1e4
229,19.083333333333332,20,1,2188.8258219311615,417759.31525548943,8000,1110.721078865162,287.3656532789475,68144.40136136119,131855.5986386388,254355.12706012212,132499.52842148428,2e5,0,-0,2e5,510,116790,833.3333333333334,190833.33333333334,510,116790,1e4
230,19.166666666666668,20,2,2192.4408457318227,419951.75610122125,8000,1110.721078865162,283.93500567233826,67317.61528816837,132682.38471183163,255465.8481389873,132783.46342715662,2e5,0,-0,2e5,510,117300,833.3333333333334,191666.6666666667,510,117300,1e4
231,19.25,20,3,2196.0618400381995,422147.8179412594,8000,1110.721078865162,280.4900637007015,66487.38427300392,133512.6157269961,256576.56921785243,133063.95349085733,2e5,0,-0,2e5,510,117810,833.3333333333334,192500,510,117810,1e4
232,19.333333333333332,20,4,2199.688814711067,424347.50675597053,8000,1110.721078865162,277.030767804183,65653.69396194295,134346.30603805705,257687.2902967176,133340.9842586615,2e5,0,-0,2e5,510,118320,833.3333333333334,193333.33333333334,510,118320,1e4
233,19.416666666666668,20,5,2203.321779627487,426550.828535598,8000,1110.721078865162,273.5570581747623,64816.52994125254,135183.47005874745,258798.01137558278,133614.5413168363,2e5,0,-0,2e5,510,118830,833.3333333333334,194166.6666666667,510,118830,1e4
234,19.5,20,6,2206.960744680833,428757.78928027884,8000,1110.721078865162,270.06887475521893,63975.8777371426,136024.1222628574,259908.73245444792,133884.6101915915,2e5,0,-0,2e5,510,119340,833.3333333333334,195e3,510,119340,1e4
235,19.583333333333332,20,7,2210.6057197808195,430968.3950000596,8000,1110.721078865162,266.56615723809415,63131.722815515524,136868.27718448447,261019.4535333131,134151.17634882958,2e5,0,-0,2e5,510,119850,833.3333333333334,195833.33333333334,510,119850,1e4
236,19.666666666666668,20,8,2214.2567148535277,433182.6517149132,8000,1110.721078865162,263.048845064648,62284.050581715004,137715.949418285,262130.17461217826,134414.22519389424,2e5,0,-0,2e5,510,120360,833.3333333333334,196666.6666666667,510,120360,1e4
237,19.75,20,9,2217.913739841431,435400.56545475463,8000,1110.721078865162,259.5168774238125,61432.84638027365,138567.15361972636,263240.8956910434,134673.74207131803,2e5,0,-0,2e5,510,120870,833.3333333333334,197500,510,120870,1e4
238,19.833333333333332,20,10,2221.576804703425,437622.142259458,8000,1110.721078865162,255.97019325114022,60578.095494659625,139421.90450534038,264351.6167699086,134929.71226456919,2e5,0,-0,2e5,510,121380,833.3333333333334,198333.33333333334,510,121380,1e4
239,19.916666666666668,20,11,2225.245919414853,439847.3881788729,8000,1110.721078865162,252.40873122774843,59719.78314702221,140280.21685297778,265462.33784877375,135182.12099579693,2e5,0,-0,2e5,510,121890,833.3333333333334,199166.6666666667,510,121890,1e4
240,20,20,12,2228.921093967532,442076.30927284044,8000,1110.721078865162,248.8324297792592,58857.8944979363,141142.1055020637,266573.0589276389,135430.95342557618,2e5,0,-0,2e5,510,122400,833.3333333333334,2e5,510,122400,1e4
241,20.083333333333332,21,1,2232.6023383697843,444308.9116112102,8000,1110.721078865162,245.24122707473458,57992.41464614587,142007.5853538541,267683.7800065041,135676.19465265094,2e5,0,-0,2e5,510,122910,833.3333333333334,200833.33333333334,510,122910,1e4
242,20.166666666666668,21,2,2236.2896626464594,446545.2012738567,8000,1110.721078865162,241.6350610256078,57123.32862830631,142876.6713716937,268794.5010853692,135917.82971367653,2e5,0,-0,2e5,510,123420,833.3333333333334,201666.6666666667,510,123420,1e4
243,20.25,21,3,2239.9830768389634,448785.18435069564,8000,1110.721078865162,238.01386928460963,56250.62141872576,143749.37858127424,269905.2221642344,136155.84358296116,2e5,0,-0,2e5,510,123930,833.3333333333334,202500,510,123930,1e4
244,20.333333333333332,21,4,2243.6825910052885,451028.8669417009,8000,1110.721078865162,234.37758924469065,55374.27792910529,144625.72207089473,271015.94324309955,136390.22117220584,2e5,0,-0,2e5,510,124440,833.3333333333334,203333.33333333334,510,124440,1e4
245,20.416666666666668,21,5,2247.3882152200367,453276.25515692093,8000,1110.721078865162,230.7261580379387,54494.283008278064,145505.71699172194,272126.6643219647,136620.94733024377,2e5,0,-0,2e5,510,124950,833.3333333333334,204166.6666666667,510,124950,1e4
246,20.5,21,6,2251.0999595744497,455527.3551164954,8000,1110.721078865162,227.05951253449192,53610.62144194739,146389.37855805262,273237.3854008299,136848.00684277827,2e5,0,-0,2e5,510,125460,833.3333333333334,205e3,510,125460,1e4
247,20.583333333333332,21,7,2254.817834176436,457782.1729506718,8000,1110.721078865162,223.37758934144745,52723.277952423676,147276.72204757633,274348.10647969507,137071.38443211972,2e5,0,-0,2e5,510,125970,833.3333333333334,205833.33333333334,510,125970,1e4
248,20.666666666666668,21,8,2258.5418491505984,460040.7147998224,8000,1110.721078865162,219.68032480176532,51832.23719836028,148167.76280163974,275458.8275585602,137291.0647569215,2e5,0,-0,2e5,510,126480,833.3333333333334,206666.6666666667,510,126480,1e4
249,20.75,21,9,2262.27201463826,462302.9868144607,8000,1110.721078865162,215.96765499316783,50937.48377448828,149062.51622551173,276569.54863742535,137507.03241191464,2e5,0,-0,2e5,510,126990,833.3333333333334,207500,510,126990,1e4
250,20.833333333333332,21,10,2266.0083407974935,464568.99515525816,8000,1110.721078865162,212.2395157270345,50039.002211350155,149960.99778864984,277680.2697162905,137719.27192764168,2e5,0,-0,2e5,510,127500,833.3333333333334,208333.33333333334,510,127500,1e4
251,20.916666666666668,21,11,2269.75083780315,466838.74599306134,8000,1110.721078865162,208.4958425472923,49136.776975032284,150863.2230249677,278790.9907951557,137927.76777018898,2e5,0,-0,2e5,510,128010,833.3333333333334,209166.6666666667,510,128010,1e4
252,21,21,12,2273.499515846883,469112.24550890824,8000,1110.721078865162,204.73657072930118,48230.79246689642,151769.2075331036,279901.71187402087,138132.50434091827,2e5,0,-0,2e5,510,128520,833.3333333333334,21e4,510,128520,1e4
253,21.083333333333332,22,1,2277.25438513718,471389.4998940454,8000,1110.721078865162,200.9616352787351,47321.03302330999,152678.96697669002,281012.43295288604,138333.465976197,2e5,0,-0,2e5,510,129030,833.3333333333334,210833.33333333334,510,129030,1e4
254,21.166666666666668,22,2,2281.0154558993886,473670.51534994476,8000,1110.721078865162,197.17097093045828,46407.48291537528,153592.51708462473,282123.15403175115,138530.63694712747,2e5,0,-0,2e5,510,129540,833.3333333333334,211666.6666666667,510,129540,1e4
255,21.25,22,3,2284.782738375743,475955.29808832053,8000,1110.721078865162,193.364512147397,45490.12634865751,154509.8736513425,283233.8751106163,138724.00145927488,2e5,0,-0,2e5,510,130050,833.3333333333334,212500,510,130050,1e4
256,21.333333333333332,22,4,2288.556242825394,478243.85433114594,8000,1110.721078865162,189.5421931194063,44568.947462911754,155431.05253708825,284344.5961894815,138913.54365239426,2e5,0,-0,2e5,510,130560,833.3333333333334,213333.33333333334,510,130560,1e4
257,21.416666666666668,22,5,2292.3359795244373,480536.19031067035,8000,1110.721078865162,185.70394776213232,43643.93033180872,156356.06966819128,285455.31726834667,139099.2476001564,2e5,0,-0,2e5,510,131070,833.3333333333334,214166.6666666667,510,131070,1e4
258,21.5,22,6,2296.121958765939,482832.3122694363,8000,1110.721078865162,181.84970971586966,42715.05896265942,157284.94103734058,286566.03834721184,139281.09730987228,2e5,0,-0,2e5,510,131580,833.3333333333334,215e3,510,131580,1e4
259,21.583333333333332,22,7,2299.914190859965,485132.22646029625,8000,1110.721078865162,177.97941234441427,41782.31729613867,158217.68270386133,287676.75942607695,139459.07672221668,2e5,0,-0,2e5,510,132090,833.3333333333334,215833.33333333334,510,132090,1e4
260,21.666666666666668,22,8,2303.7126861336105,487435.9391464299,8000,1110.721078865162,174.09298873391114,40845.68920600742,159154.3107939926,288787.4805049421,139633.1697109506,2e5,0,-0,2e5,510,132600,833.3333333333334,216666.6666666667,510,132600,1e4
261,21.75,22,9,2307.517454931025,489743.45660136093,8000,1110.721078865162,170.19037169169758,39905.15849883395,160094.84150116605,289898.2015838073,139803.3600826423,2e5,0,-0,2e5,510,133110,833.3333333333334,217500,510,133110,1e4
262,21.833333333333332,22,10,2311.328507613443,492054.7851089743,8000,1110.721078865162,166.27149374514147,38960.70891371393,161039.29108628607,291008.92266267247,139969.63157638744,2e5,0,-0,2e5,510,133620,833.3333333333334,218333.33333333334,510,133620,1e4
263,21.916666666666668,22,11,2315.1458545592127,494369.9309635336,8000,1110.721078865162,162.3362871404747,38012.32412198924,161987.67587801075,292119.64374153764,140131.9678635279,2e5,0,-0,2e5,510,134130,833.3333333333334,219166.6666666667,510,134130,1e4
264,22,22,12,2318.9695061638204,496688.9004696974,8000,1110.721078865162,158.3846838416218,37059.98772696569,162940.0122730343,293230.3648204028,140290.35254736955,2e5,0,-0,2e5,510,134640,833.3333333333334,22e4,510,134640,1e4
265,22.083333333333332,23,1,2322.7994728399235,499011.6999425373,8000,1110.721078865162,154.41661552902372,36103.68326362955,163896.31673637044,294341.0858992679,140444.76916289856,2e5,0,-0,2e5,510,135150,833.3333333333334,220833.33333333334,510,135150,1e4
266,22.166666666666668,23,2,2326.6357650173763,501338.33570755465,8000,1110.721078865162,150.43201359845645,35143.39419836285,164856.60580163717,295451.8069781331,140595.201176497,2e5,0,-0,2e5,510,135660,833.3333333333334,221666.6666666667,510,135660,1e4
267,22.25,23,3,2330.4783931432576,503668.8141006979,8000,1110.721078865162,146.43080915984518,34179.103928657525,165820.89607134246,296562.5280569983,140741.63198565686,2e5,0,-0,2e5,510,136170,833.3333333333334,222500,510,136170,1e4
268,22.333333333333332,23,4,2334.327367681902,506003.1414683798,8000,1110.721078865162,142.412933036073,33210.795782828434,166789.20421717156,297673.24913586344,140884.04491869293,2e5,0,-0,2e5,510,136680,833.3333333333334,223333.33333333334,510,136680,1e4
269,22.416666666666668,23,5,2338.1826991149264,508341.3241674948,8000,1110.721078865162,138.37831576178513,32238.45301972506,167761.54698027493,298783.9702147286,141022.4232344547,2e5,0,-0,2e5,510,137190,833.3333333333334,224166.6666666667,510,137190,1e4
270,22.5,23,6,2342.0443979412576,510683.36856543605,8000,1110.721078865162,134.32688758218774,31262.05882844209,168737.9411715579,299894.6912935938,141156.7501220369,2e5,0,-0,2e5,510,137700,833.3333333333334,225e3,510,137700,1e4
271,22.583333333333332,23,7,2345.9124746771645,513029.2810401132,8000,1110.721078865162,130.25857845184203,30281.59632802877,169718.40367197123,301005.4123724589,141287.00870048875,2e5,0,-0,2e5,510,138210,833.3333333333334,225833.33333333334,510,138210,1e4
272,22.666666666666668,23,8,2349.7869398562825,515379.0679799695,8000,1110.721078865162,126.1733180334532,29297.04856719706,170702.95143280295,302116.1334513241,141413.1820185222,2e5,0,-0,2e5,510,138720,833.3333333333334,226666.6666666667,510,138720,1e4
273,22.75,23,9,2353.667804029645,517732.7357839991,8000,1110.721078865162,122.07103569665442,28308.398524028555,171691.60147597146,303226.85453018924,141535.25305421886,2e5,0,-0,2e5,510,139230,833.3333333333334,227500,510,139230,1e4
274,22.833333333333332,23,10,2357.555077765712,520090.2908617648,8000,1110.721078865162,117.95166051678564,27315.62910568018,172684.3708943198,304337.5756090544,141653.20471473565,2e5,0,-0,2e5,510,139740,833.3333333333334,228333.33333333334,510,139740,1e4
275,22.916666666666668,23,11,2361.448771650397,522451.73963341524,8000,1110.721078865162,113.8151212736674,26318.723148088684,173681.27685191133,305448.2966879196,141767.0198360093,2e5,0,-0,2e5,510,140250,833.3333333333334,229166.6666666667,510,140250,1e4
276,23,23,12,2365.3488962870974,524817.0885297023,8000,1110.721078865162,109.66134645036952,25317.66341567389,174682.3365843261,306559.01776678476,141876.68118245967,2e5,0,-0,2e5,510,140760,833.3333333333334,23e4,510,140760,1e4
277,23.083333333333332,24,1,2369.2554622967223,527186.343991999,8000,1110.721078865162,105.49026423197455,24312.432601040706,175687.5673989593,307669.7388456499,141982.17144669165,2e5,0,-0,2e5,510,141270,833.3333333333334,230833.33333333334,510,141270,1e4
278,23.166666666666668,24,2,2373.168480317724,529559.5124723167,8000,1110.721078865162,101.30180250433628,23303.01332467988,176696.98667532013,308780.45992451505,142083.473249196,2e5,0,-0,2e5,510,141780,833.3333333333334,231666.6666666667,510,141780,1e4
279,23.25,24,3,2377.087961006123,531936.6004333228,8000,1110.721078865162,97.09588885283283,22289.38813466755,177710.61186533244,309891.1810033802,142180.56913804883,2e5,0,-0,2e5,510,142290,833.3333333333334,232500,510,142290,1e4
280,23.333333333333332,24,4,2381.0139150355403,534317.6143483585,8000,1110.721078865162,92.8724505611148,21271.539506363504,178728.4604936365,311001.9020822454,142273.44158860995,2e5,0,-0,2e5,510,142800,833.3333333333334,233333.33333333334,510,142800,1e4
281,23.416666666666668,24,5,2384.946353097225,536702.5607014557,8000,1110.721078865162,88.63141460984794,20249.44984210819,179750.55015789182,312112.62316111056,142362.0730032198,2e5,0,-0,2e5,510,143310,833.3333333333334,234166.6666666667,510,143310,1e4
282,23.5,24,6,2388.885285900083,539091.4459873558,8000,1110.721078865162,84.3727076754508,19223.101470918482,180776.89852908152,313223.34423997573,142446.44571089523,2e5,0,-0,2e5,510,143820,833.3333333333334,235e3,510,143820,1e4
283,23.583333333333332,24,7,2392.8307241707075,541484.2767115264,8000,1110.721078865162,80.09625612882701,18192.476648182146,181807.52335181786,314334.06531884085,142526.54196702407,2e5,0,-0,2e5,510,144330,833.3333333333334,235833.33333333334,510,144330,1e4
284,23.666666666666668,24,8,2396.7826786534083,543881.0593901798,8000,1110.721078865162,75.80198603409228,17157.55755535108,182842.4424446489,315444.786397706,142602.34395305815,2e5,0,-0,2e5,510,144840,833.3333333333334,236666.6666666667,510,144840,1e4
285,23.75,24,9,2400.741160110238,546281.8005502902,8000,1110.721078865162,71.48982314729616,16118.32629963321,183881.67370036678,316555.5074765712,142673.83377620546,2e5,0,-0,2e5,510,145350,833.3333333333334,237500,510,145350,1e4
286,23.833333333333332,24,10,2404.7061793210264,548686.5067296111,8000,1110.721078865162,67.15969291513838,15074.764913683186,184925.23508631682,317666.22855543636,142740.99346912059,2e5,0,-0,2e5,510,145860,833.3333333333334,238333.33333333334,510,145860,1e4
287,23.916666666666668,24,11,2408.677747083405,551095.1844766946,8000,1110.721078865162,62.81152047367994,14026.855355291704,185973.14464470829,318776.94963430153,142803.80498959427,2e5,0,-0,2e5,510,146370,833.3333333333334,239166.6666666667,510,146370,1e4
288,24,24,12,2412.655874212839,553507.8403509074,8000,1110.721078865162,58.44523064704877,12974.57950707359,187025.4204929264,319887.6707131667,142862.25022024132,2e5,0,-0,2e5,510,146880,833.3333333333334,24e4,510,146880,1e4
289,24.083333333333332,25,1,2416.6405715426567,555924.48092245,8000,1110.721078865162,54.060747946139955,11917.919176154566,188082.08082384543,320998.3917920318,142916.31096818746,2e5,0,-0,2e5,510,147390,833.3333333333334,240833.33333333334,510,147390,1e4
290,24.166666666666668,25,2,2420.631849924079,558345.1127723741,8000,1110.721078865162,49.65799656731069,10856.856093856713,189143.1439061433,322109.112870897,142965.96896475478,2e5,0,-0,2e5,510,147900,833.3333333333334,241666.6666666667,510,147900,1e4
291,24.25,25,3,2424.6297202262454,560769.7424926003,8000,1110.721078865162,45.23690039106964,9791.37191538262,190208.62808461738,323219.83394976216,143011.20586514584,2e5,0,-0,2e5,510,148410,833.3333333333334,242500,510,148410,1e4
292,24.333333333333332,25,4,2428.634193336251,563198.3766859366,8000,1110.721078865162,40.797382980760915,8721.44821949822,191278.5517805018,324330.55502862734,143052.0032481266,2e5,0,-0,2e5,510,148920,833.3333333333334,243333.33333333334,510,148920,1e4
293,24.416666666666668,25,5,2432.6452801591695,565631.0219660958,8000,1110.721078865162,36.33936758124258,7647.0665082143,192352.9334917857,325441.2761074925,143088.34261570784,2e5,0,-0,2e5,510,149430,833.3333333333334,244166.6666666667,510,149430,1e4
294,24.5,25,6,2436.6629916180846,568067.6849577138,8000,1110.721078865162,31.86277711755958,6568.208206466697,193431.7917935333,326551.9971863577,143120.2053928254,2e5,0,-0,2e5,510,149940,833.3333333333334,245e3,510,149940,1e4
295,24.583333333333332,25,7,2440.687338654122,570508.372296368,8000,1110.721078865162,27.367534193611238,5484.854661795147,194515.14533820486,327662.7182652228,143147.572927019,2e5,0,-0,2e5,510,150450,833.3333333333334,245833.33333333334,510,150450,1e4
296,24.666666666666668,25,8,2444.7183322264764,572953.0906285944,8000,1110.721078865162,22.853561090813113,4396.987144020798,195603.0128559792,328773.43934408796,143170.42648810984,2e5,0,-0,2e5,510,150960,833.3333333333334,246666.6666666667,510,150960,1e4
297,24.75,25,9,2448.755983312443,575401.8466119069,8000,1110.721078865162,18.320779766753326,3304.58684492239,196695.4131550776,329884.16042295314,143188.74726787658,2e5,0,-0,2e5,510,151470,833.3333333333334,247500,510,151470,1e4
298,24.833333333333332,25,10,2452.800302907447,577854.6469148144,8000,1110.721078865162,13.769111853843292,2207.6348779110713,197792.36512208893,330994.8815018183,143202.51637973043,2e5,0,-0,2e5,510,151980,833.3333333333334,248333.33333333334,510,151980,1e4
299,24.916666666666668,25,11,2456.8513020250734,580311.4982168394,8000,1110.721078865162,9.198478657962797,1106.112277703872,198893.88772229612,332105.6025806835,143211.71485838838,2e5,0,-0,2e5,510,152490,833.3333333333334,249166.6666666667,510,152490,1e4
300,25,25,12,2460.908991697096,582772.4072085365,8000,1110.721078865162,4.6088011570994665,-4.19072421209421e-9,200000.0000000042,333216.32365954865,143216.32365954548,2e5,0,-0,2e5,510,153e3,833.3333333333334,25e4,510,153e3,1e4
